user,risk_score,active_days,after_hours,usb_connects
RHL0992,1.0,176,182.0,370.0
JTM0223,1.0,142,660.0,2.0
DCH0843,1.0,290,294.0,23.0
CCA0046,1.0,201,888.0,758.0
RAR0725,1.0,171,0.0,348.0
RAB0589,1.0,197,210.0,4.0
EGD0132,1.0,189,118.0,420.0
CSC0217,1.0,113,523.0,2.0
TNM0961,1.0,240,0.0,494.0
BBS0039,1.0,157,777.0,2.0
MSO0222,1.0,239,1080.0,2.0
EDB0714,1.0,242,0.0,535.0
AKR0057,1.0,231,246.0,486.0
JGT0221,1.0,137,677.0,2.0
MOS0047,1.0,176,841.0,888.0
JLM0364,1.0,335,1506.0,2.0
PSF0133,1.0,190,113.0,408.0
GTD0219,1.0,118,560.0,479.0
HXL0968,1.0,211,0.0,468.0
MAR0955,1.0,297,9.0,21.0
PNL0301,1.0,156,101.0,330.0
MDH0580,1.0,296,296.0,631.0
GHL0460,1.0,230,132.0,11.0
WPE0538,0.9981195482062917,346,346.0,0.0
CJC0494,0.9981195482062917,346,0.0,0.0
SKG0759,0.9981195482062917,346,0.0,0.0
NAB0903,0.9981195482062917,346,346.0,0.0
HJB0742,0.9969010423766549,242,7.0,6.0
JRG0207,0.9969010423766549,283,8.0,23.0
JMB0308,0.9969010423766549,153,7.0,8.0
BDV0168,0.9969010423766549,165,9.0,16.0
LBF0214,0.9969010423766549,462,129.0,471.0
AMR0318,0.9969010423766549,349,38.0,141.0
MAS0025,0.9969010423766549,201,17.0,16.0
LQC0479,0.9969010423766549,197,8.0,9.0
RHO0732,0.9969010423766549,354,121.0,690.0
RKD0604,0.9969010423766549,151,6.0,20.0
ATP0662,0.9969010423766549,386,486.0,394.0
RLG0856,0.9969010423766549,349,49.0,371.0
HSB0196,0.9958723203369931,475,503.0,3805.0
AJR0932,0.9958723203369931,196,7.0,19.0
MPM0220,0.9958723203369931,218,1094.0,2494.0
THR0873,0.9958723203369931,347,42.0,2742.0
OBH0499,0.9934120283611215,435,54.0,3706.0
BIH0745,0.9934120283611215,144,7.0,11.0
IBB0359,0.9897442992138301,349,1533.0,3935.0
BSS0369,0.9897442992138301,239,989.0,2740.0
BJM0111,0.9890066296814979,385,462.0,2919.0
DRR0162,0.9890066296814979,256,0.0,559.0
JFC0557,0.9890066296814979,346,184.0,1399.0
IKR0401,0.9890066296814979,287,287.0,569.0
RSC0089,0.9890066296814979,373,104.0,2896.0
JJH0613,0.9890066296814979,346,0.0,1049.0
AAF0535,0.9890066296814979,164,0.0,346.0
DPM0423,0.9890066296814979,346,208.0,1066.0
CLB0774,0.9890066296814979,357,115.0,2988.0
SGM0021,0.9890066296814979,346,0.0,1039.0
RNP0211,0.9890066296814979,346,0.0,1073.0
BRM0995,0.9890066296814979,346,390.0,2973.0
HDH0928,0.9890066296814979,346,346.0,691.0
DIB0285,0.9890066296814979,184,184.0,391.0
DIB0081,0.9890066296814979,162,0.0,496.0
XHW0498,0.9890066296814979,195,0.0,423.0
FSC0601,0.9890066296814979,306,0.0,634.0
VSS0154,0.9890066296814979,214,214.0,462.0
NWT0098,0.9890066296814979,319,0.0,653.0
MTB0620,0.9890066296814979,346,0.0,1005.0
KKW0879,0.9890066296814979,384,42.0,3257.0
HRL0540,0.9890066296814979,346,383.0,2968.0
CCL0068,0.9890066296814979,288,154.0,633.0
CTA0020,0.9890066296814979,346,346.0,2977.0
IBS0836,0.9867728810375918,384,425.0,388.0
MLL0598,0.9867728810375918,346,346.0,2779.0
JHP0583,0.9867728810375918,406,490.0,817.0
AIB0948,0.9867728810375918,346,0.0,2990.0
IBB0696,0.9867728810375918,346,0.0,708.0
KJJ0293,0.9867728810375918,346,211.0,345.0
ICH0294,0.9867728810375918,346,181.0,666.0
JDF0593,0.9867728810375918,381,485.0,3153.0
PDH0716,0.9867728810375918,346,0.0,677.0
GHH0288,0.9867728810375918,348,225.0,716.0
MTT0901,0.9862501348613617,29,29.0,90.0
VTT0385,0.9862501348613617,346,0.0,2743.0
WIF0691,0.9862501348613617,346,357.0,2732.0
CGB0637,0.9862501348613617,346,346.0,1082.0
JJM0203,0.9862501348613617,211,0.0,428.0
ABC0174,0.9862501348613617,296,0.0,642.0
CAH0936,0.9836912334401456,172,13.0,13.0
KLH0596,0.9836912334401456,292,295.0,19.0
MCF0600,0.9836912334401456,246,260.0,36.0
SAA0999,0.9836912334401456,346,346.0,2992.0
LPH0572,0.9796968217488125,37,37.0,0.0
RCP0785,0.9796968217488125,346,0.0,0.0
AAN0823,0.9796968217488125,346,346.0,0.0
CCM0136,0.9796968217488125,346,191.0,120.0
HPR0585,0.9796968217488125,346,346.0,0.0
EHD0584,0.9796968217488125,211,234.0,7.0
AJL0462,0.9796968217488125,350,247.0,0.0
CFG0959,0.9796968217488125,346,0.0,0.0
AHD0848,0.9796968217488123,382,411.0,150.0
PMV0850,0.9796968217488123,346,428.0,376.0
CHM0821,0.9796968217488123,346,516.0,368.0
WDD0366,0.9783725502632086,308,1361.0,6.0
CBB0365,0.9783725502632086,346,1598.0,0.0
WDV0573,0.9757347185654309,353,498.0,0.0
MSZ0310,0.975017776724341,346,0.0,0.0
COF0120,0.975017776724341,266,302.0,0.0
ETR0177,0.975017776724341,346,346.0,0.0
AKW0167,0.975017776724341,346,0.0,0.0
PBP0002,0.975017776724341,346,0.0,0.0
HBO0413,0.975017776724341,323,187.0,709.0
KNB0022,0.975017776724341,346,0.0,0.0
TOR0193,0.975017776724341,346,353.0,0.0
FRB0023,0.975017776724341,346,0.0,0.0
TEM0977,0.975017776724341,346,178.0,0.0
LCC0819,0.975017776724341,157,157.0,350.0
AJD0074,0.975017776724341,387,0.0,150.0
NCH0179,0.975017776724341,346,346.0,0.0
JDC0030,0.975017776724341,477,494.0,190.0
HJA0018,0.975017776724341,346,220.0,0.0
KRG0158,0.975017776724341,346,0.0,0.0
KRL0062,0.975017776724341,346,0.0,0.0
LDB0090,0.975017776724341,346,0.0,0.0
JOL0024,0.975017776724341,346,9.0,0.0
PES0085,0.975017776724341,346,0.0,0.0
YIC0195,0.975017776724341,352,375.0,0.0
MDM0976,0.975017776724341,346,210.0,0.0
GLR0975,0.975017776724341,346,240.0,0.0
RMW0542,0.975017776724341,161,92.0,373.0
MGS0974,0.975017776724341,380,231.0,142.0
ASG0048,0.975017776724341,346,0.0,0.0
MAH0149,0.975017776724341,346,0.0,0.0
JIM0095,0.975017776724341,346,0.0,0.0
CJK0200,0.975017776724341,346,0.0,0.0
SAT0194,0.975017776724341,346,346.0,0.0
SPA0141,0.975017776724341,355,124.0,0.0
MKS0204,0.975017776724341,346,0.0,0.0
QNF0205,0.975017776724341,346,0.0,0.0
EMW0105,0.975017776724341,346,346.0,0.0
AOB0019,0.975017776724341,346,184.0,0.0
GRC0145,0.975017776724341,346,0.0,0.0
SDF0017,0.975017776724341,346,209.0,0.0
SER0165,0.975017776724341,346,346.0,0.0
CIG0052,0.975017776724341,346,0.0,0.0
LMF0980,0.975017776724341,346,0.0,0.0
WXH0872,0.9678632137872136,347,43.0,702.0
FKK0055,0.9678632137872136,464,0.0,172.0
NGC0058,0.9678632137872136,428,459.0,175.0
GCL0016,0.9678632137872136,388,214.0,134.0
CAM0681,0.9678632137872136,346,346.0,360.0
RAW0915,0.9678632137872136,404,437.0,438.0
BRB0355,0.9678632137872136,455,0.0,898.0
DAL0673,0.9678632137872136,346,0.0,331.0
IUB0565,0.9678632137872136,234,137.0,494.0
BBG0325,0.9678632137872136,346,0.0,368.0
TSR0676,0.9678632137872136,346,0.0,716.0
RVF0201,0.9678632137872136,346,0.0,345.0
ANM0123,0.9678632137872136,25,30.0,29.0
BWP0202,0.9660971968557667,355,135.0,129.0
IIW0249,0.9640383871761521,399,39.0,3375.0
DMK0257,0.9611407401938137,356,123.0,689.0
HAD0246,0.9611407401938137,494,155.0,214.0
JMK0099,0.9611407401938137,346,0.0,141.0
LOM0086,0.9611407401938137,142,0.0,286.0
JMD0520,0.9611407401938137,348,42.0,664.0
IBM0671,0.9611407401938137,346,0.0,145.0
EMW0772,0.9611407401938137,346,0.0,130.0
KWE0082,0.9611407401938137,346,0.0,717.0
IJM0444,0.9611407401938137,348,20.0,373.0
LRR0148,0.9611407401938137,400,0.0,788.0
HWW0436,0.9611407401938137,350,23.0,664.0
ILJ0526,0.9611407401938137,375,0.0,378.0
IRM0931,0.9611407401938137,479,79.0,505.0
JBD0616,0.9611407401938137,346,0.0,2991.0
MBJ0312,0.9611407401938137,346,0.0,1029.0
IJM0776,0.9611407401938137,171,0.0,350.0
ESR0693,0.9611407401938137,169,172.0,198.0
ESJ0670,0.9611407401938137,471,0.0,185.0
HCL0651,0.9611407401938137,346,359.0,662.0
KRL0501,0.9611407401938137,265,0.0,568.0
CWR0502,0.9611407401938137,346,0.0,348.0
HFB0347,0.9611407401938137,264,264.0,96.0
KMW0545,0.9611407401938137,346,185.0,129.0
LCB0664,0.9611407401938137,346,0.0,2977.0
KMB0922,0.9611407401938137,353,473.0,367.0
FOB0756,0.9611407401938137,425,0.0,155.0
KCS0173,0.9611407401938137,346,0.0,360.0
DFH0188,0.9611407401938137,346,369.0,406.0
FFC0891,0.9611407401938137,199,238.0,418.0
KCO0122,0.9611407401938137,355,450.0,703.0
HVF0067,0.9611407401938137,346,204.0,694.0
KBG0549,0.9611407401938137,346,191.0,108.0
JTS0389,0.9611407401938137,346,0.0,136.0
HAH0760,0.9611407401938137,346,0.0,677.0
CQW0652,0.9611407401938137,327,327.0,668.0
CPG0322,0.9611407401938137,346,0.0,129.0
LJT0817,0.9611407401938137,346,357.0,655.0
JCR0172,0.9611407401938137,407,0.0,170.0
MOH0273,0.9611407401938137,401,0.0,3155.0
BDI0533,0.9611407401938137,451,0.0,922.0
SAB0781,0.9611407401938137,346,0.0,369.0
NAF0326,0.9611407401938137,458,0.0,900.0
RUM0880,0.9611407401938137,350,66.0,701.0
NDM0417,0.9611407401938137,346,201.0,692.0
NGF0157,0.9611407401938137,410,83.0,143.0
UAD0771,0.9611407401938137,346,0.0,696.0
PMC0328,0.9611407401938137,346,346.0,670.0
BMT0528,0.9611407401938137,346,0.0,713.0
CAB0614,0.9611407401938137,346,0.0,368.0
CAA0612,0.9611407401938137,346,0.0,128.0
RSM0277,0.9611407401938137,346,0.0,393.0
AJH0175,0.9611407401938137,353,94.0,159.0
OLW0689,0.9611407401938137,346,346.0,714.0
NKP0236,0.9611407401938137,346,233.0,123.0
OCS0865,0.9611407401938137,346,8.0,659.0
BVC0790,0.9611407401938137,438,524.0,879.0
SMY0792,0.9611407401938137,346,0.0,380.0
NMS0280,0.9611407401938137,436,449.0,155.0
BTR0403,0.9611407401938137,346,444.0,380.0
SBH0537,0.9611407401938137,386,210.0,140.0
USH0199,0.9611407401938137,346,0.0,112.0
VSA0230,0.9611407401938137,296,348.0,98.0
VMJ0546,0.9611407401938137,346,195.0,709.0
ZKS0899,0.9611407401938137,346,346.0,2990.0
BBS0422,0.9611407401938137,412,379.0,154.0
XAA0104,0.9611407401938137,346,0.0,138.0
BEH0615,0.9611407401938137,353,0.0,394.0
RDT0424,0.9611407401938137,346,230.0,359.0
WIQ0567,0.9611407401938137,442,276.0,437.0
BIS0247,0.9611407401938137,354,78.0,116.0
CIM0271,0.9611407401938137,346,0.0,725.0
VCC0396,0.9611407401938137,351,425.0,719.0
SCP0130,0.9611407401938137,346,185.0,717.0
CFM0767,0.9611407401938137,350,70.0,375.0
QJR0688,0.9611407401938137,360,404.0,401.0
CEJ0109,0.9611407401938137,318,318.0,638.0
BAJ0654,0.9611407401938137,346,415.0,140.0
MPT0376,0.9611407401938137,365,0.0,410.0
VFM0814,0.9611407401938137,240,250.0,90.0
RRP0568,0.9611407401938137,346,346.0,381.0
AHM0410,0.9611407401938137,353,238.0,394.0
BQS0525,0.9602016759646133,49,0.0,393.0
BAL0044,0.9602016759646133,348,1594.0,1130.0
DIW0118,0.9602016759646133,346,0.0,683.0
IKP0472,0.9563953826302267,495,271.0,519.0
JZD0888,0.9488726140360993,346,346.0,0.0
JMW0638,0.9488726140360993,346,346.0,0.0
BAM0636,0.9488726140360993,346,346.0,0.0
EZT0640,0.9488726140360993,346,462.0,0.0
KMS0657,0.9488726140360993,346,346.0,0.0
AAM0658,0.9488726140360993,225,233.0,7.0
TLH0648,0.9488726140360993,346,346.0,0.0
NHH0185,0.9488726140360993,346,352.0,0.0
LUR0896,0.9488726140360993,303,389.0,0.0
HCL0113,0.9488726140360993,346,346.0,0.0
UBF0645,0.9488726140360993,346,346.0,0.0
BDB0453,0.945155435057326,349,306.0,0.0
EHB0824,0.945155435057326,159,166.0,13.0
JAJ0849,0.945155435057326,446,540.0,0.0
VIA0063,0.9423866073704146,346,207.0,2751.0
EIS0041,0.9423866073704146,346,1588.0,1323.0
HDS0367,0.9423866073704146,346,1612.0,1364.0
AJF0370,0.9423866073704146,373,1678.0,4261.0
ASM0575,0.9341766115205127,346,346.0,0.0
LIM0674,0.9341766115205127,357,48.0,133.0
AIP0394,0.9341766115205127,351,396.0,0.0
CEL0561,0.9341766115205127,346,210.0,0.0
QNP0216,0.9341766115205127,346,1591.0,0.0
NGO0690,0.9341766115205127,346,346.0,0.0
WPR0368,0.9341766115205127,427,1860.0,0.0
HMM0108,0.9262543624354118,55,57.0,100.0
RGG0064,0.9262543624354118,222,8.0,6.0
FTM0406,0.9262543624354118,246,138.0,18.0
TAP0551,0.9262543624354118,226,151.0,5.0
FMG0527,0.9262543624354118,271,8.0,12.0
MCD0125,0.9262543624354118,176,206.0,66.0
KPC0073,0.9262543624354118,149,95.0,8.0
MYD0978,0.9262543624354118,252,155.0,7.0
NOB0181,0.9262543624354118,476,495.0,527.0
BTL0226,0.9262543624354118,213,238.0,8.0
LJR0523,0.9262543624354118,168,6.0,6.0
BLS0678,0.9262543624354118,201,7.0,4.0
PPF0435,0.9262543624354118,290,7.0,27.0
LDG0459,0.9225897489165397,346,219.0,157.0
MLM0950,0.9225897489165397,423,16.0,850.0
GCS0571,0.9225897489165397,346,352.0,138.0
CQH0701,0.9225897489165397,346,0.0,137.0
SBN0971,0.9225897489165397,449,0.0,176.0
AOK0844,0.9225897489165397,383,437.0,407.0
FEB0306,0.9225897489165397,346,228.0,361.0
BMG0917,0.9225671345550549,349,375.0,2980.0
SJO0209,0.9165738640085916,353,0.0,133.0
WBC0192,0.9165738640085916,346,0.0,134.0
GZC0735,0.9165738640085916,399,0.0,397.0
ATE0869,0.9165738640085916,486,31.0,210.0
JCG0316,0.9165738640085916,346,0.0,697.0
QOS0878,0.9165738640085916,113,6.0,239.0
AJN0607,0.9165738640085916,346,0.0,1033.0
HJS0072,0.9041241381945772,25,18.0,26.0
MKW0441,0.9041241381945772,347,10.0,700.0
MVB0515,0.9041241381945772,346,0.0,367.0
JDB0169,0.8926986469330864,346,0.0,2743.0
SOG0411,0.8845167636955934,346,191.0,0.0
KRM0541,0.8845167636955934,346,194.0,0.0
BTN0061,0.8845167636955934,346,442.0,0.0
TTD1000,0.8845167636955934,346,346.0,0.0
KSH0569,0.8845167636955934,346,204.0,0.0
IAR0694,0.8845167636955934,404,428.0,0.0
HGN0287,0.8845167636955934,346,346.0,0.0
AOS0987,0.8845167636955934,346,371.0,0.0
MES0407,0.8845167636955934,346,237.0,0.0
NAR0981,0.8845167636955934,346,12.0,0.0
GAF0060,0.8845167636955934,346,346.0,0.0
EHB0420,0.8845167636955934,442,399.0,0.0
GNS0178,0.8845167636955934,349,407.0,152.0
IEB0153,0.8845167636955934,372,374.0,0.0
PMJ0564,0.8845167636955934,347,232.0,0.0
RGN0408,0.8845167636955934,346,182.0,0.0
BLB0114,0.8845167636955934,346,355.0,0.0
IUY0279,0.8845167636955934,346,354.0,0.0
SAC0592,0.867034113543195,346,346.0,0.0
GKO0078,0.8374754195982171,346,0.0,363.0
MCT0720,0.7014927069951499,346,0.0,0.0
YJV0699,0.7014927069951499,346,0.0,0.0
GJD0298,0.7014927069951499,346,205.0,0.0
LHB0967,0.7014927069951499,346,0.0,0.0
LDM0587,0.7014927069951499,346,346.0,0.0
LJB0826,0.7014927069951499,346,346.0,0.0
MIM0712,0.7014927069951499,346,0.0,0.0
MJB0588,0.7014927069951499,346,346.0,0.0
MKG0711,0.7014927069951499,346,0.0,0.0
JJB0700,0.7014927069951499,346,0.0,0.0
TIW0299,0.7014927069951499,346,182.0,0.0
HGH0595,0.7014927069951499,346,346.0,0.0
SAH0599,0.7014927069951499,346,346.0,0.0
MBR0724,0.7014927069951499,346,0.0,0.0
JKF0465,0.7014927069951499,420,238.0,0.0
JKJ0698,0.7014927069951499,442,0.0,0.0
JCR0289,0.7014927069951499,346,217.0,0.0
PTH0830,0.7014927069951499,425,425.0,0.0
ILR0304,0.7014927069951499,346,185.0,0.0
JRF0835,0.7014927069951499,346,346.0,0.0
JRL0574,0.7014927069951499,346,346.0,0.0
NRF0137,0.7014927069951499,346,346.0,0.0
IJR0825,0.7014927069951499,346,346.0,0.0
IJM0139,0.7014927069951499,346,178.0,0.0
NCK0295,0.7014927069951499,346,184.0,0.0
SJW0451,0.7014927069951499,346,192.0,0.0
NMB0972,0.7014927069951499,346,0.0,0.0
SOB0586,0.7014927069951499,346,346.0,0.0
NLO0131,0.7014927069951499,346,184.0,0.0
THD0448,0.7014927069951499,346,188.0,0.0
TPH0474,0.7014927069951499,346,210.0,0.0
HSP0290,0.7014927069951499,346,186.0,0.0
NJC0705,0.7014927069951499,346,0.0,0.0
KPP0452,0.7014927069951499,346,229.0,0.0
KSP0966,0.7014927069951499,346,0.0,0.0
JJH0292,0.7014927069951499,352,210.0,0.0
ZSL0305,0.7014927069951499,346,175.0,0.0
BHW0458,0.7014927069951499,346,194.0,0.0
CJH0702,0.7014927069951499,346,0.0,0.0
ESH0135,0.7014927069951499,346,187.0,0.0
ERH0449,0.7014927069951499,346,183.0,0.0
APG0307,0.7014927069951499,346,203.0,0.0
FHS0837,0.7014927069951499,346,346.0,0.0
AJP0723,0.7014927069951499,346,0.0,0.0
ELB0847,0.7014927069951499,346,391.0,0.0
BAK0964,0.7014927069951499,346,0.0,0.0
BCR0581,0.7014927069951499,346,396.0,0.0
ECF0828,0.7014927069951499,211,211.0,0.0
BSS0463,0.7014927069951499,346,216.0,0.0
DSM0591,0.7014927069951499,346,346.0,0.0
AKF0709,0.7014927069951499,346,0.0,0.0
CCM0467,0.7014927069951499,346,202.0,0.0
CJG0470,0.7014927069951499,346,230.0,0.0
CAN0842,0.7014927069951499,346,346.0,0.0
FXF0957,0.7014927069951499,346,0.0,0.0
CSL0949,0.7014927069951499,346,0.0,0.0
DDM0579,0.7014927069951499,346,346.0,0.0
AAL0706,0.7014927069951499,346,0.0,0.0
AAV0450,0.7014927069951499,346,186.0,0.0
CLS0296,0.7014927069951499,346,187.0,0.0
GCC0945,0.7014927069951499,346,0.0,0.0
CJM0138,0.7014927069951499,346,212.0,0.0
NBC0412,0.6800715847423622,346,189.0,0.0
GAF0570,0.6800715847423622,346,192.0,0.0
CRO0027,0.6800715847423622,348,358.0,0.0
SBN0866,0.6791144569362594,348,64.0,377.0
HIW0536,0.541240012762615,346,346.0,0.0
TSM0363,0.541240012762615,346,1624.0,0.0
LBC0356,0.541240012762615,346,1532.0,0.0
SAK0375,0.541240012762615,346,1603.0,0.0
KRV0372,0.541240012762615,346,1634.0,0.0
SNS0129,0.541240012762615,346,0.0,0.0
JAV0361,0.541240012762615,346,1603.0,0.0
AIP0982,0.541240012762615,346,9.0,366.0
DFR0218,0.541240012762615,346,1515.0,0.0
BKW0374,0.541240012762615,346,1511.0,0.0
UIR0043,0.541240012762615,346,1636.0,0.0
JCC0225,0.541240012762615,346,1516.0,0.0
KCF0045,0.541240012762615,346,1559.0,0.0
DMG0358,0.541240012762615,346,1608.0,0.0
WBC0315,0.541240012762615,346,0.0,0.0
MVH0373,0.541240012762615,66,284.0,0.0
WVB0539,0.541240012762615,346,0.0,0.0
JRS0362,0.541240012762615,346,1568.0,0.0
JXH0493,0.541240012762615,346,0.0,0.0
SRH0155,0.541240012762615,365,47.0,0.0
ASV0946,0.492113338238203,346,0.0,0.0
NIH0969,0.492113338238203,346,0.0,0.0
GDF0704,0.492113338238203,346,0.0,0.0
CTR0697,0.492113338238203,346,6.0,0.0
GCG0951,0.492113338238203,346,0.0,0.0
GNZ0953,0.492113338238203,346,0.0,0.0
WRM0963,0.492113338238203,174,0.0,0.0
PEV0323,0.4383404829246894,354,90.0,0.0
BTW0005,0.4383404829246894,346,0.0,0.0
MKP0861,0.4383404829246894,346,14.0,0.0
WKD0013,0.4383404829246894,354,417.0,0.0
SBK0161,0.4383404829246894,346,436.0,0.0
MLD0755,0.4383404829246894,346,0.0,0.0
RZC0746,0.4383404829246894,480,0.0,0.0
RTO0313,0.4383404829246894,355,104.0,0.0
DGW0752,0.4383404829246894,346,0.0,0.0
TVS0006,0.4383404829246894,346,0.0,0.0
MSS0001,0.4383404829246894,346,0.0,0.0
TVS0050,0.4383404829246894,357,149.0,0.0
RHY0079,0.4383404829246894,346,350.0,0.0
DMM0623,0.4383404829246894,355,0.0,0.0
RHP0484,0.4383404829246894,346,0.0,0.0
KBP0008,0.4383404829246894,346,0.0,0.0
WDO0870,0.4383404829246894,353,134.0,0.0
BAM0611,0.4383404829246894,346,0.0,0.0
DJB0159,0.4383404829246894,346,0.0,0.0
NAH0503,0.4383404829246894,404,52.0,0.0
JAD0609,0.4383404829246894,346,0.0,0.0
HCV0478,0.4383404829246894,346,0.0,0.0
FQA0854,0.4383404829246894,346,14.0,0.0
HKR0628,0.4383404829246894,346,0.0,0.0
BAH0875,0.4383404829246894,356,150.0,0.0
VCY0751,0.4383404829246894,346,0.0,0.0
KBS0874,0.4383404829246894,346,9.0,0.0
KES0729,0.4383404829246894,346,0.0,0.0
TET0621,0.4383404829246894,346,0.0,0.0
FBW0747,0.4383404829246894,366,0.0,0.0
ZJE0857,0.4383404829246894,367,12.0,0.0
SVS0871,0.4383404829246894,346,10.0,0.0
CSH0626,0.4383404829246894,404,117.0,0.0
HRB0351,0.4383404829246894,383,203.0,133.0
AJR0319,0.4383404829246894,446,0.0,0.0
CLF0852,0.4383404829246894,346,9.0,0.0
HTH0007,0.4383404829246894,346,0.0,0.0
KPR0497,0.4383404829246894,346,0.0,0.0
SES0477,0.4383404829246894,346,0.0,0.0
SDO0170,0.4383404829246894,346,0.0,0.0
FGW0853,0.4383404829246894,355,116.0,0.0
NKH0807,0.31200982994796117,346,346.0,0.0
DLH0029,0.31200982994796117,346,346.0,0.0
HAV0121,0.31200982994796117,346,346.0,0.0
NHE0919,0.31200982994796117,346,346.0,0.0
KAL0395,0.31200982994796117,346,346.0,0.0
ADF0397,0.31200982994796117,346,346.0,0.0
XWD0923,0.31200982994796117,250,250.0,525.0
MBW0809,0.31200982994796117,30,30.0,0.0
KAC0124,0.31200982994796117,346,346.0,0.0
ZMC0284,0.31200982994796117,346,346.0,0.0
DOP0562,0.31200982994796117,346,183.0,0.0
DPS0262,0.31200982994796117,113,22.0,0.0
JJB0127,0.31200982994796117,346,346.0,0.0
BWH0813,0.31200982994796117,346,346.0,0.0
XBN0229,0.31200982994796117,346,346.0,0.0
LAF0991,0.31200982994796117,346,346.0,0.0
JKB0126,0.31200982994796117,346,346.0,0.0
JMC0925,0.31200982994796117,352,451.0,0.0
CBG0398,0.31200982994796117,346,346.0,0.0
DIC0988,0.31200982994796117,346,346.0,0.0
HAC0282,0.31200982994796117,346,346.0,0.0
NNS0059,0.31200982994796117,346,346.0,0.0
MDH0686,0.31200982994796117,459,467.0,0.0
KKC0683,0.31200982994796117,346,346.0,0.0
ACV0812,0.31200982994796117,354,590.0,0.0
LNS0989,0.31200982994796117,346,372.0,0.0
DBS0235,0.31200982994796117,346,367.0,0.0
FSB0399,0.31200982994796117,335,335.0,0.0
CRK0916,0.31200982994796117,351,375.0,0.0
ADC0391,0.31200982994796117,346,346.0,0.0
CCH0685,0.31200982994796117,346,348.0,0.0
KCB0815,0.31200982994796117,346,346.0,0.0
CCC0393,0.31200982994796117,346,346.0,0.0
DJS0682,0.31200982994796117,346,346.0,0.0
CIM0926,0.31200982994796117,229,231.0,0.0
TLK0993,0.31200982994796117,346,346.0,0.0
ENC0234,0.31200982994796117,259,260.0,0.0
HDD0806,0.31200982994796117,472,508.0,0.0
AIS0405,0.31200982994796117,346,346.0,0.0
EIP0997,0.31200982994796117,346,346.0,0.0
RNL0695,0.31200982994796117,346,346.0,0.0
ASG0692,0.31200982994796117,346,346.0,0.0
RVC0232,0.31200982994796117,346,346.0,0.0
SAC0687,0.31200982994796117,346,346.0,0.0
TSM0927,0.31200982994796117,346,346.0,0.0
AQD0820,0.31200982994796117,346,346.0,0.0
FIR0920,0.31200982994796117,346,384.0,0.0
TRK0914,0.31200982994796117,346,346.0,0.0
ANP0555,0.31200982994796117,346,198.0,0.0
AMW0392,0.31200982994796117,450,450.0,0.0
AMR0400,0.31200982994796117,346,346.0,0.0
HSG0818,0.31200982994796117,346,346.0,0.0
SOF0808,0.31200982994796117,346,346.0,0.0
ALH0402,0.31200982994796117,346,346.0,0.0
AKC0924,0.31200982994796117,346,346.0,0.0
SRS0231,0.31200982994796117,346,346.0,0.0
HOB0994,0.31200982994796117,346,346.0,0.0
TDJ0998,0.31200982994796117,346,346.0,0.0
TJD0996,0.31200982994796117,346,346.0,0.0
BBH0810,0.31200982994796117,346,346.0,0.0
JIG0128,0.31200982994796117,346,346.0,0.0
OYM0026,0.31200982994796117,346,355.0,0.0
JER0404,0.31200982994796117,346,346.0,0.0
PID0426,0.31200982994796117,355,119.0,0.0
DZC0228,0.31200982994796117,346,346.0,0.0
OJK0233,0.31200982994796117,346,346.0,0.0
EDA0684,0.31200982994796117,35,44.0,0.0
JCR0921,0.31200982994796117,346,346.0,0.0
UCS0227,0.31200982994796117,346,346.0,0.0
BJH0811,0.31200982994796117,346,346.0,0.0
IWM0816,0.31200982994796117,346,346.0,0.0
IYB0918,0.31200982994796117,346,346.0,0.0
CJF0802,0.30724187380497425,352,78.0,0.0
AMD0077,0.16655720067850188,346,0.0,0.0
LOF0311,0.16655720067850188,346,0.0,0.0
CNE0352,0.16655720067850188,346,0.0,0.0
CQH0730,0.16655720067850188,346,0.0,0.0
LPC0492,0.16655720067850188,346,0.0,0.0
LTS0860,0.16655720067850188,346,12.0,0.0
NKH0979,0.16655720067850188,346,0.0,0.0
MAD0496,0.16655720067850188,118,0.0,0.0
MAD0753,0.16655720067850188,346,0.0,0.0
LLV0602,0.16655720067850188,346,0.0,0.0
NAF0033,0.16655720067850188,344,0.0,0.0
CRD0624,0.16655720067850188,45,9.0,0.0
BMS0877,0.16655720067850188,126,3.0,0.0
LHL0309,0.16655720067850188,346,0.0,0.0
MAH0864,0.16655720067850188,346,7.0,0.0
ZDW0859,0.16655720067850188,346,9.0,0.0
LHB0606,0.16655720067850188,82,0.0,0.0
LEM0605,0.16655720067850188,346,0.0,0.0
BRS0734,0.16655720067850188,110,0.0,128.0
TCD0009,0.16655720067850188,346,0.0,0.0
CSP0197,0.16655720067850188,346,353.0,0.0
NWK0215,0.16655720067850188,450,99.0,0.0
LAM0911,0.16655720067850188,346,346.0,0.0
CMB0912,0.16655720067850188,423,0.0,0.0
SIJ0661,0.16655720067850188,346,0.0,0.0
YDN0198,0.16655720067850188,346,0.0,0.0
BTS0011,0.16655720067850188,346,0.0,0.0
RDM0115,0.16655720067850188,346,0.0,0.0
BER0314,0.16655720067850188,346,0.0,0.0
RGH0728,0.16655720067850188,281,0.0,0.0
CCM0855,0.16655720067850188,346,12.0,0.0
CCW0031,0.16655720067850188,346,0.0,0.0
CBG0490,0.16655720067850188,346,0.0,0.0
KWC0004,0.16655720067850188,346,0.0,0.0
MMB0488,0.16655720067850188,310,0.0,0.0
CHG0146,0.16655720067850188,346,0.0,0.0
ARL0034,0.16655720067850188,346,0.0,0.0
BJW0619,0.16655720067850188,346,0.0,0.0
SBN0495,0.16655720067850188,346,0.0,0.0
SLB0049,0.16655720067850188,346,0.0,0.0
WKF0012,0.16655720067850188,346,10.0,0.0
UFK0208,0.16655720067850188,346,0.0,0.0
MIC0726,0.16655720067850188,346,0.0,0.0
TQS0212,0.16655720067850188,346,0.0,0.0
SBQ0786,0.16655720067850188,346,0.0,0.0
SCF0608,0.16655720067850188,346,0.0,0.0
VMJ0147,0.16655720067850188,346,346.0,0.0
PGC0066,0.16655720067850188,346,197.0,0.0
MCJ0324,0.16655720067850188,346,0.0,0.0
SGG0787,0.16655720067850188,346,346.0,0.0
BEC0505,0.16655720067850188,346,0.0,0.0
UJC0737,0.16655720067850188,346,0.0,0.0
CEB0210,0.16655720067850188,346,0.0,0.0
AAE0190,0.16655720067850188,346,346.0,0.0
FAW0032,0.16655720067850188,346,9.0,0.0
EWH0191,0.16655720067850188,346,0.0,0.0
HVB0037,0.16655720067850188,403,0.0,0.0
EMS0317,0.16655720067850188,346,0.0,0.0
DCC0160,0.16655720067850188,346,346.0,0.0
DDA0476,0.16655720067850188,346,0.0,0.0
IMB0481,0.16655720067850188,346,0.0,0.0
KKS0119,0.16655720067850188,346,0.0,0.0
IMG0320,0.16655720067850188,346,0.0,0.0
IRT0491,0.16655720067850188,346,0.0,0.0
KJS0618,0.16655720067850188,346,0.0,0.0
JBM0350,0.16655720067850188,352,476.0,0.0
JCW0858,0.16655720067850188,346,13.0,0.0
DSB0731,0.16655720067850188,346,0.0,0.0
DGN0480,0.16655720067850188,329,0.0,0.0
KAT0489,0.16655720067850188,346,0.0,0.0
EZH0736,0.16655720067850188,346,0.0,0.0
DBW0483,0.16655720067850188,346,0.0,0.0
KBB0189,0.16655720067850188,346,0.0,0.0
HDD0789,0.16655720067850188,346,5.0,0.0
GBM0603,0.16655720067850188,322,0.0,0.0
HKI0171,0.16655720067850188,346,0.0,0.0
CTW0500,0.16655720067850188,346,0.0,0.0
FDE0117,0.16655720067850188,346,346.0,0.0
FHO0630,0.16655720067850188,346,0.0,0.0
GQP0743,0.16655720067850188,346,0.0,0.0
GTD0116,0.16655720067850188,346,346.0,0.0
FLM0213,0.16655720067850188,346,0.0,0.0
FUM0015,0.16655720067850188,346,346.0,0.0
MNS0224,0.15617875359973513,346,1610.0,0.0
MSH0040,0.15617875359973513,255,1208.0,0.0
KSP0357,0.15617875359973513,237,1047.0,0.0
KJP0371,0.15617875359973513,346,1608.0,0.0
ACC0042,0.15617875359973513,346,1541.0,0.0
SOB0360,0.15617875359973513,226,1005.0,0.0
FBA0348,0.15617875359973513,346,4.0,0.0
HWY0038,0.15617875359973513,108,513.0,0.0
ORB0473,0.14444809247824072,346,235.0,0.0
ZFM0468,0.14444809247824072,346,189.0,0.0
MLG0475,0.14444809247824072,346,185.0,0.0
TBT0461,0.14444809247824072,346,224.0,0.0
MNC0717,0.14444809247824072,346,0.0,0.0
TJB0302,0.14444809247824072,346,261.0,0.0
JRH0455,0.14444809247824072,55,31.0,0.0
JKM0303,0.14444809247824072,346,187.0,0.0
AMH0464,0.14444809247824072,346,175.0,0.0
BTL0722,0.14444809247824072,346,0.0,0.0
NUL0471,0.14444809247824072,346,211.0,0.0
ICS0956,0.14444809247824072,251,0.0,0.0
RYB0718,0.14444809247824072,346,0.0,0.0
BNR0965,0.14444809247824072,346,0.0,0.0
EAH0466,0.14444809247824072,35,21.0,15.0
PLH0715,0.14444809247824072,346,0.0,0.0
HSD0457,0.14444809247824072,346,198.0,0.0
CJP0952,0.14444809247824072,348,26.0,0.0
GZB0469,0.14444809247824072,346,192.0,0.0
TDG0962,0.14444809247824072,346,0.0,0.0
FWM0707,0.14444809247824072,346,0.0,0.0
HDJ0446,0.14444809247824072,346,182.0,0.0
ILH0958,0.14444809247824072,346,0.0,150.0
RLB0719,0.14444809247824072,348,27.0,0.0
HMW0713,0.14444809247824072,346,0.0,0.0
RAM0447,0.14444809247824072,449,242.0,0.0
LRW0970,0.14444809247824072,346,0.0,0.0
CMS0454,0.14444809247824072,346,183.0,0.0
CLH0703,0.14444809247824072,346,0.0,0.0
CRP0456,0.14444809247824072,346,213.0,0.0
SSR0278,0.12296880155408521,196,196.0,0.0
ETR0428,0.12296880155408521,346,0.0,0.0
HTF0641,0.12296880155408521,346,346.0,0.0
SJF0094,0.12296880155408521,346,0.0,0.0
SJC0333,0.12296880155408521,346,361.0,0.0
CNM0800,0.12296880155408521,346,0.0,0.0
SHR0334,0.12296880155408521,346,346.0,0.0
SGS0268,0.12296880155408521,346,0.0,0.0
HWM0342,0.12296880155408521,346,348.0,0.0
SSS0345,0.12296880155408521,346,346.0,0.0
SEJ0677,0.12296880155408521,176,0.0,0.0
SED0886,0.12296880155408521,350,390.0,0.0
ESH0283,0.12296880155408521,346,365.0,139.0
SVL0803,0.12296880155408521,346,0.0,0.0
LNR0656,0.12296880155408521,346,346.0,0.0
SDB0106,0.12296880155408521,346,389.0,0.0
DBG0261,0.12296880155408521,346,0.0,0.0
SLP0762,0.12296880155408521,346,0.0,0.0
SLT0907,0.12296880155408521,173,173.0,0.0
SCB0534,0.12296880155408521,346,0.0,0.0
SMB0804,0.12296880155408521,346,0.0,0.0
SMW0084,0.12296880155408521,346,0.0,0.0
AMH0794,0.12296880155408521,346,0.0,0.0
SNC0187,0.12296880155408521,300,300.0,126.0
LJJ0905,0.12296880155408521,346,346.0,0.0
KNG0672,0.12296880155408521,301,0.0,0.0
HRW0550,0.12296880155408521,346,189.0,0.0
KNW0644,0.12296880155408521,346,346.0,0.0
HRD0635,0.12296880155408521,90,116.0,0.0
LHN0151,0.12296880155408521,346,0.0,0.0
SSG0250,0.12296880155408521,346,0.0,0.0
SSH0799,0.12296880155408521,346,0.0,0.0
SSJ0784,0.12296880155408521,460,132.0,0.0
ANT0430,0.12296880155408521,346,0.0,0.0
IAT0263,0.12296880155408521,186,0.0,0.0
SXM0895,0.12296880155408521,346,346.0,0.0
ASS0517,0.12296880155408521,346,0.0,0.0
RNF0765,0.12296880155408521,346,0.0,0.0
RMS0266,0.12296880155408521,346,0.0,0.0
ATF0274,0.12296880155408521,346,0.0,0.0
LQP0508,0.12296880155408521,346,0.0,0.0
RKF0164,0.12296880155408521,335,0.0,0.0
RJM0381,0.12296880155408521,346,0.0,0.0
RJB0088,0.12296880155408521,346,0.0,0.0
RIH0777,0.12296880155408521,346,0.0,0.0
EIM0156,0.12296880155408521,346,0.0,0.0
EHR0096,0.12296880155408521,346,0.0,0.0
AWM0764,0.12296880155408521,346,0.0,0.0
RHC0335,0.12296880155408521,346,346.0,0.0
EGK0893,0.12296880155408521,346,346.0,0.0
EGD0409,0.12296880155408521,140,80.0,0.0
RFP0380,0.12296880155408521,346,0.0,0.0
EJW0884,0.12296880155408521,346,346.0,0.0
ROB0272,0.12296880155408521,346,0.0,0.0
EPW0434,0.12296880155408521,346,0.0,0.0
MFV0897,0.12296880155408521,346,346.0,0.0
ENL0100,0.12296880155408521,346,0.0,0.0
IBP0883,0.12296880155408521,353,456.0,0.0
CNB0900,0.12296880155408521,346,346.0,0.0
SBD0913,0.12296880155408521,346,0.0,0.0
ARA0252,0.12296880155408521,346,0.0,0.0
EMB0531,0.12296880155408521,346,0.0,0.0
ARB0881,0.12296880155408521,346,346.0,0.0
ARD0509,0.12296880155408521,346,0.0,0.0
IIA0092,0.12296880155408521,346,0.0,0.0
CMW0783,0.12296880155408521,346,0.0,0.0
ASB0796,0.12296880155408521,265,0.0,0.0
IIL0513,0.12296880155408521,439,0.0,0.0
ELT0769,0.12296880155408521,346,0.0,0.0
ASL0378,0.12296880155408521,346,0.0,0.0
RRC0553,0.12296880155408521,76,50.0,81.0
SVL0940,0.12296880155408521,346,0.0,0.0
CJV0286,0.12296880155408521,346,346.0,0.0
RDM0150,0.12296880155408521,346,0.0,0.0
WTR0563,0.12296880155408521,346,233.0,0.0
WSR0241,0.12296880155408521,346,201.0,0.0
CUD0795,0.12296880155408521,346,0.0,0.0
ABH0663,0.12296880155408521,346,0.0,0.0
WNB0908,0.12296880155408521,346,346.0,0.0
WLV0566,0.12296880155408521,346,189.0,0.0
GTD0898,0.12296880155408521,346,346.0,0.0
CWB0065,0.12296880155408521,346,0.0,0.0
ABN0239,0.12296880155408521,346,207.0,0.0
WGS0516,0.12296880155408521,346,0.0,0.0
CXC0336,0.12296880155408521,346,346.0,0.0
CSJ0340,0.12296880155408521,346,346.0,0.0
HAH0248,0.12296880155408521,346,0.0,0.0
HAM0985,0.12296880155408521,346,11.0,0.0
WAS0254,0.12296880155408521,346,0.0,0.0
WAB0143,0.12296880155408521,254,0.0,0.0
WTF0387,0.12296880155408521,346,0.0,0.0
ABC0253,0.12296880155408521,346,0.0,0.0
AGB0186,0.12296880155408521,346,346.0,0.0
AAW0353,0.12296880155408521,346,232.0,0.0
ZSK0258,0.12296880155408521,346,0.0,0.0
GCR0554,0.12296880155408521,346,175.0,0.0
AAF0791,0.12296880155408521,346,0.0,0.0
ZJS0269,0.12296880155408521,346,0.0,0.0
GJT0386,0.12296880155408521,346,0.0,0.0
KTG0091,0.12296880155408521,346,0.0,0.0
YJF0532,0.12296880155408521,346,0.0,0.0
AAS0442,0.12296880155408521,50,0.0,0.0
YEV0793,0.12296880155408521,346,0.0,0.0
CTR0341,0.12296880155408521,491,677.0,0.0
YCE0983,0.12296880155408521,346,15.0,0.0
GOK0238,0.12296880155408521,241,159.0,0.0
XRS0633,0.12296880155408521,346,346.0,0.0
XHG0902,0.12296880155408521,346,346.0,0.0
LAP0338,0.12296880155408521,488,488.0,0.0
HBB0056,0.12296880155408521,346,0.0,0.0
AGB0643,0.12296880155408521,346,346.0,0.0
DAR0885,0.12296880155408521,38,49.0,0.0
HIA0414,0.12296880155408521,346,210.0,0.0
TMA0069,0.12296880155408521,346,208.0,0.0
TLM0797,0.12296880155408521,346,0.0,0.0
KQS0415,0.12296880155408521,346,197.0,0.0
AKH0758,0.12296880155408521,346,0.0,0.0
HLH0512,0.12296880155408521,492,0.0,0.0
LFS0071,0.12296880155408521,346,192.0,0.0
AKK0329,0.12296880155408521,346,346.0,0.0
ALB0892,0.12296880155408521,235,235.0,0.0
ALC0788,0.12296880155408521,346,346.0,0.0
HLM0933,0.12296880155408521,346,0.0,0.0
ALD0529,0.12296880155408521,346,0.0,0.0
TEM0093,0.12296880155408521,247,0.0,0.0
TEB0251,0.12296880155408521,346,0.0,0.0
TDS0984,0.12296880155408521,430,20.0,174.0
DAG0558,0.12296880155408521,346,189.0,0.0
HKB0418,0.12296880155408521,332,173.0,0.0
TSB0437,0.12296880155408521,346,0.0,0.0
AHC0142,0.12296880155408521,386,0.0,0.0
TSG0906,0.12296880155408521,346,346.0,0.0
AHG0634,0.12296880155408521,158,164.0,0.0
VEB0935,0.12296880155408521,346,0.0,0.0
HCC0344,0.12296880155408521,346,346.0,0.0
AIH0675,0.12296880155408521,346,0.0,0.0
VAA0087,0.12296880155408521,346,0.0,0.0
AIM0627,0.12296880155408521,346,0.0,0.0
FRL0511,0.12296880155408521,346,0.0,0.0
HCW0419,0.12296880155408521,346,184.0,0.0
UCH0519,0.12296880155408521,279,0.0,0.0
TYB0779,0.12296880155408521,346,0.0,0.0
CYA0506,0.12296880155408521,105,0.0,0.0
TUC0632,0.12296880155408521,346,346.0,0.0
LDD0560,0.12296880155408521,40,31.0,0.0
FKB0163,0.12296880155408521,346,0.0,0.0
HGG0240,0.12296880155408521,346,191.0,0.0
ALD0544,0.12296880155408521,346,185.0,0.0
RRA0938,0.12296880155408521,346,0.0,0.0
KVS0425,0.12296880155408521,346,174.0,0.0
OKB0439,0.12296880155408521,346,0.0,0.0
DTP0379,0.12296880155408521,346,0.0,0.0
NRO0768,0.12296880155408521,322,0.0,0.0
DHM0937,0.12296880155408521,346,0.0,0.0
CCW0524,0.12296880155408521,346,0.0,0.0
BSH0445,0.12296880155408521,346,0.0,0.0
BSB0990,0.12296880155408521,346,0.0,0.0
OCB0805,0.12296880155408521,346,0.0,0.0
BSA0431,0.12296880155408521,346,0.0,0.0
CKH0144,0.12296880155408521,346,0.0,0.0
MSD0939,0.12296880155408521,346,0.0,0.0
GCS0518,0.12296880155408521,346,0.0,0.0
DVM0265,0.12296880155408521,346,0.0,0.0
CFW0264,0.12296880155408521,60,0.0,0.0
CLD0894,0.12296880155408521,346,346.0,0.0
OKC0107,0.12296880155408521,346,346.0,0.0
MOP0763,0.12296880155408521,346,0.0,0.0
DVW0103,0.12296880155408521,346,0.0,0.0
CGF0337,0.12296880155408521,346,346.0,0.0
MCS0035,0.12296880155408521,346,0.0,0.0
OMS0101,0.12296880155408521,346,0.0,0.0
ONL0276,0.12296880155408521,346,0.0,0.0
ONW0083,0.12296880155408521,346,0.0,0.0
MMG0943,0.12296880155408521,346,0.0,0.0
OQH0183,0.12296880155408521,346,346.0,0.0
JMH0543,0.12296880155408521,228,132.0,0.0
JSA0775,0.12296880155408521,346,0.0,0.0
NRD0548,0.12296880155408521,306,175.0,0.0
JFC0757,0.12296880155408521,346,0.0,0.0
MLP0668,0.12296880155408521,346,0.0,0.0
CCH0182,0.12296880155408521,346,346.0,0.0
NCE0097,0.12296880155408521,346,0.0,0.0
DLF0377,0.12296880155408521,346,0.0,0.0
CAS0507,0.12296880155408521,347,15.0,381.0
NCK0421,0.12296880155408521,346,201.0,0.0
DKB0631,0.12296880155408521,346,346.0,0.0
NCO0666,0.12296880155408521,346,0.0,0.0
JML0909,0.12296880155408521,346,346.0,0.0
CAM0102,0.12296880155408521,346,0.0,0.0
CAC0889,0.12296880155408521,60,60.0,0.0
CAB0388,0.12296880155408521,346,0.0,0.0
JNA0559,0.12296880155408521,346,181.0,0.0
BYP0070,0.12296880155408521,238,127.0,0.0
NJB0243,0.12296880155408521,346,0.0,0.0
DID0650,0.12296880155408521,346,346.0,0.0
BXJ0010,0.12296880155408521,346,187.0,0.0
DLS0383,0.12296880155408521,346,0.0,0.0
DOL0332,0.12296880155408521,346,346.0,0.0
DRR0242,0.12296880155408521,442,231.0,0.0
BVN0514,0.12296880155408521,110,0.0,0.0
KDT0346,0.12296880155408521,346,346.0,0.0
NAB0801,0.12296880155408521,346,0.0,0.0
NMF0780,0.12296880155408521,346,0.0,0.0
BCB0679,0.12296880155408521,281,0.0,0.0
NMG0766,0.12296880155408521,346,0.0,0.0
JGM0934,0.12296880155408521,346,0.0,0.0
JPA0667,0.12296880155408521,346,0.0,0.0
ORG0339,0.12296880155408521,346,346.0,0.0
MBG0438,0.12296880155408521,235,0.0,0.0
JSH0330,0.12296880155408521,346,346.0,0.0
BLL0929,0.12296880155408521,346,0.0,0.0
MAE0331,0.12296880155408521,346,346.0,0.0
ORM0669,0.12296880155408521,346,0.0,0.0
POB0343,0.12296880155408521,346,346.0,0.0
MJM0510,0.12296880155408521,346,0.0,0.0
JAM0382,0.12296880155408521,346,0.0,0.0
DGF0443,0.12296880155408521,346,0.0,0.0
CJM0521,0.12296880155408521,464,0.0,0.0
MIL0255,0.12296880155408521,346,0.0,0.0
PTH0552,0.12296880155408521,346,178.0,0.0
ECL0930,0.12296880155408521,346,0.0,0.0
QCH0110,0.12296880155408521,305,305.0,0.0
KBL0260,0.12296880155408521,346,0.0,0.0
BHC0665,0.12296880155408521,346,0.0,0.0
KJW0416,0.12296880155408521,346,233.0,0.0
MIB0904,0.12296880155408521,346,346.0,0.0
MHH0180,0.12296880155408521,274,274.0,0.0
QSV0778,0.12296880155408521,346,0.0,0.0
EFS0882,0.12296880155408521,346,346.0,0.0
RAG0275,0.12296880155408521,346,0.0,0.0
RAH0440,0.12296880155408521,346,0.0,0.0
KVT0028,0.12296880155408521,346,346.0,0.0
MHG0244,0.12296880155408521,346,0.0,0.0
IMP0530,0.12296880155408521,346,0.0,0.0
RAS0432,0.12296880155408521,346,0.0,0.0
BCM0653,0.12296880155408521,346,346.0,0.0
MHA0798,0.12296880155408521,346,0.0,0.0
CKB0427,0.12296880155408521,346,0.0,0.0
PNH0761,0.12296880155408521,353,77.0,121.0
MJS0890,0.12296880155408521,346,346.0,0.0
EBC0390,0.12296880155408521,346,0.0,0.0
PKB0281,0.12296880155408521,346,346.0,0.0
OSH0655,0.12296880155408521,346,346.0,0.0
CKD0680,0.12296880155408521,346,0.0,0.0
PAD0773,0.12296880155408521,346,0.0,124.0
BNG0237,0.12296880155408521,346,197.0,0.0
PDW0259,0.12296880155408521,346,0.0,0.0
JCV0245,0.12296880155408521,346,0.0,0.0
JCR0770,0.12296880155408521,346,0.0,0.0
KJG0910,0.12296880155408521,346,346.0,0.0
PGH0184,0.12296880155408521,229,229.0,0.0
PGO0433,0.12296880155408521,346,0.0,0.0
PIS0522,0.12296880155408521,346,0.0,0.0
NBH0256,0.12296880155408521,346,0.0,0.0
PKB0429,0.12296880155408521,346,0.0,0.0
DEB0782,0.12296880155408521,346,0.0,0.0
BMC0547,0.12296880155408521,346,195.0,0.0
KBC0054,0.12296880155408521,346,0.0,0.0
BMM0112,0.12296880155408521,346,346.0,0.0
MKL0941,0.12296880155408521,346,0.0,0.0
KJM0887,0.12296880155408521,346,346.0,0.0
KAT0270,0.12296880155408521,346,0.0,0.0
JPW0741,0.05451677683224883,346,0.0,0.0
HDL0748,0.05451677683224883,346,0.0,0.0
CKB0482,0.05451677683224883,346,0.0,0.0
KDS0349,0.05451677683224883,346,0.0,0.0
GMF0738,0.05451677683224883,346,0.0,0.0
GRM0868,0.05451677683224883,346,14.0,0.0
LCD0622,0.05451677683224883,346,0.0,0.0
MHG0733,0.05451677683224883,346,0.0,0.0
JOM0750,0.05451677683224883,346,0.0,0.0
CGA0629,0.05451677683224883,346,0.0,0.0
MCF0327,0.05451677683224883,346,0.0,0.0
DGM0754,0.05451677683224883,29,0.0,0.0
GCC0744,0.05451677683224883,346,0.0,0.0
CCR0863,0.05451677683224883,346,8.0,0.0
CMM0487,0.05451677683224883,346,0.0,0.0
ASS0206,0.05451677683224883,346,0.0,0.0
HPM0986,0.05451677683224883,346,9.0,0.0
MAW0166,0.05451677683224883,346,0.0,0.0
CSB0080,0.05451677683224883,346,0.0,0.0
AMM0014,0.05451677683224883,346,346.0,0.0
SAP0867,0.05451677683224883,146,7.0,0.0
OLF0504,0.05451677683224883,346,0.0,0.0
OLB0749,0.05451677683224883,98,0.0,0.0
IDO0176,0.05451677683224883,346,0.0,0.0
PLH0862,0.05451677683224883,346,11.0,0.0
COM0321,0.05451677683224883,346,0.0,0.0
DTT0076,0.05451677683224883,346,0.0,0.0
KJA0152,0.05451677683224883,346,346.0,0.0
NSS0876,0.05451677683224883,346,7.0,0.0
PRM0740,0.05451677683224883,346,0.0,0.0
AMV0036,0.05451677683224883,346,0.0,0.0
NNA0610,0.05451677683224883,346,0.0,0.0
NMC0486,0.05451677683224883,346,0.0,0.0
QPM0727,0.05451677683224883,346,0.0,0.0
BJH0354,0.05451677683224883,346,0.0,0.0
RCC0617,0.05451677683224883,346,0.0,0.0
JLW0053,0.05451677683224883,346,346.0,0.0
IJW0851,0.05451677683224883,346,11.0,0.0
RBB0485,0.05451677683224883,346,0.0,0.0
HCS0003,0.045554136233840865,346,0.0,1007.0
YWW0660,0.03874223766600085,261,261.0,0.0
HWH0646,0.03874223766600085,346,346.0,0.0
KLM0639,0.03874223766600085,346,346.0,0.0
GQF0659,0.03874223766600085,346,346.0,0.0
VLB0647,0.03874223766600085,346,346.0,0.0
ZSB0649,0.03874223766600085,346,346.0,0.0
ESA0642,0.03874223766600085,346,346.0,0.0
SGB0140,0.03721664951088238,346,254.0,0.0
ARB0834,0.03721664951088238,211,211.0,0.0
ILC0838,0.03721664951088238,346,346.0,0.0
ECR0822,0.03721664951088238,346,346.0,0.0
ZCF0590,0.03721664951088238,346,346.0,0.0
IHK0841,0.03721664951088238,346,346.0,0.0
ASD0577,0.03721664951088238,346,346.0,0.0
ABM0845,0.03721664951088238,346,349.0,0.0
AJC0840,0.03721664951088238,346,346.0,0.0
WJD0576,0.03721664951088238,346,346.0,0.0
SHW0578,0.03721664951088238,346,346.0,0.0
ADD0846,0.03721664951088238,346,346.0,0.0
HKF0831,0.03721664951088238,346,346.0,0.0
TJG0582,0.03721664951088238,346,346.0,0.0
TAC0300,0.03721664951088238,346,220.0,0.0
MVF0594,0.03721664951088238,346,346.0,0.0
NSC0597,0.03721664951088238,346,358.0,0.0
AES0827,0.03721664951088238,346,346.0,0.0
MSG0839,0.03721664951088238,346,346.0,0.0
FRR0832,0.03721664951088238,346,346.0,0.0
MNR0829,0.03721664951088238,346,346.0,0.0
SMH0291,0.03721664951088238,480,268.0,0.0
WGR0833,0.03721664951088238,346,346.0,0.0
AMJ0297,0.03721664951088238,346,213.0,0.0
KQC0708,0.014620225462675876,346,0.0,0.0
OHC0973,0.014620225462675876,346,0.0,0.0
ELH0960,0.014620225462675876,346,0.0,0.0
OMM0944,0.014620225462675876,346,0.0,0.0
XLB0710,0.014620225462675876,346,0.0,0.0
FPC0954,0.014620225462675876,346,0.0,0.0
CKP0721,0.014620225462675876,346,0.0,0.0
QRM0739,0.0,346,0.0,2989.0
DLM0051,0.0,436,0.0,3774.0
LBH0942,0.0,453,0.0,3903.0
MDM0625,0.0,346,0.0,2733.0
AVM0947,0.0,346,0.0,2998.0
JNJ0556,0.0,346,234.0,3003.0
HCM0267,0.0,346,0.0,2984.0
BJP0134,0.0,346,184.0,2977.0
DBB0384,0.0,346,0.0,2976.0
HPH0075,0.0,404,0.0,3180.0
